-- =====================================================
-- INSERTS DE DATOS DE EJEMPLO PARA TIRETASK
-- =====================================================
-- Este archivo contiene datos de ejemplo para poblar la base de datos
-- Ejecutar en el orden especificado para respetar las relaciones

-- =====================================================
-- 1. PROVEEDORES (Primero porque productos los referencia)
-- =====================================================

INSERT INTO public.proveedores (id, nombre, cuit, telefono, email, rubro) VALUES
('550e8400-e29b-41d4-a716-446655440001', 'Neumáticos del Sur S.A.', '30-12345678-9', '011-4567-8901', 'ventas@neumaticosdelsur.com', 'Neumáticos'),
('550e8400-e29b-41d4-a716-446655440002', 'Aceites Premium S.R.L.', '30-23456789-0', '011-5678-9012', 'info@aceitespremium.com', 'Aceites y Lubricantes'),
('550e8400-e29b-41d4-a716-446655440003', 'Repuestos Express', '30-34567890-1', '011-6789-0123', 'pedidos@repuestosexpress.com', 'Repuestos Automotrices'),
('550e8400-e29b-41d4-a716-446655440004', 'Frenos y Embragues S.A.', '30-45678901-2', '011-7890-1234', 'contacto@frenosembragues.com', 'Sistema de Frenos'),
('550e8400-e29b-41d4-a716-446655440005', 'Baterías del Norte', '30-56789012-3', '011-8901-2345', 'ventas@bateriasdelnorte.com', 'Baterías');

-- =====================================================
-- 2. PRODUCTOS
-- =====================================================

INSERT INTO public.productos (id, nombre, tipo, marca, compatible_con, proveedor_id, stock, costo, margen) VALUES
-- Neumáticos
('660e8400-e29b-41d4-a716-446655440001', 'Neumático 185/65R15', 'Neumático', 'Bridgestone', 'Sedanes compactos', '550e8400-e29b-41d4-a716-446655440001', 25, 45000.00, 0.30),
('660e8400-e29b-41d4-a716-446655440002', 'Neumático 205/55R16', 'Neumático', 'Michelin', 'Sedanes medianos', '550e8400-e29b-41d4-a716-446655440001', 18, 52000.00, 0.35),
('660e8400-e29b-41d4-a716-446655440003', 'Neumático 225/45R17', 'Neumático', 'Pirelli', 'Sedanes deportivos', '550e8400-e29b-41d4-a716-446655440001', 12, 68000.00, 0.40),
('660e8400-e29b-41d4-a716-446655440004', 'Neumático 4x4 265/70R16', 'Neumático', 'Goodyear', 'Camionetas 4x4', '550e8400-e29b-41d4-a716-446655440001', 8, 85000.00, 0.35),

-- Aceites
('660e8400-e29b-41d4-a716-446655440005', 'Aceite Motor 5W30 Sintético', 'Aceite', 'Shell', 'Motores modernos', '550e8400-e29b-41d4-a716-446655440002', 30, 3500.00, 0.25),
('660e8400-e29b-41d4-a716-446655440006', 'Aceite Motor 10W40 Mineral', 'Aceite', 'YPF', 'Motores clásicos', '550e8400-e29b-41d4-a716-446655440002', 45, 2800.00, 0.20),
('660e8400-e29b-41d4-a716-446655440007', 'Aceite Transmisión ATF', 'Aceite', 'Castrol', 'Transmisiones automáticas', '550e8400-e29b-41d4-a716-446655440002', 20, 4200.00, 0.30),

-- Filtros
('660e8400-e29b-41d4-a716-446655440008', 'Filtro de Aire Motor', 'Filtro', 'Mann', 'Vehículos livianos', '550e8400-e29b-41d4-a716-446655440003', 50, 1200.00, 0.40),
('660e8400-e29b-41d4-a716-446655440009', 'Filtro de Aceite', 'Filtro', 'Fram', 'Motores gasolina/diesel', '550e8400-e29b-41d4-a716-446655440003', 60, 800.00, 0.35),
('660e8400-e29b-41d4-a716-446655440010', 'Filtro de Combustible', 'Filtro', 'Bosch', 'Sistemas de inyección', '550e8400-e29b-41d4-a716-446655440003', 35, 1500.00, 0.45),

-- Pastillas de Freno
('660e8400-e29b-41d4-a716-446655440011', 'Pastillas Freno Delantero', 'Frenos', 'Brembo', 'Vehículos livianos', '550e8400-e29b-41d4-a716-446655440004', 40, 8500.00, 0.50),
('660e8400-e29b-41d4-a716-446655440012', 'Pastillas Freno Trasero', 'Frenos', 'Brembo', 'Vehículos livianos', '550e8400-e29b-41d4-a716-446655440004', 35, 7200.00, 0.50),
('660e8400-e29b-41d4-a716-446655440013', 'Discos de Freno Delanteros', 'Frenos', 'TRW', 'Vehículos livianos', '550e8400-e29b-41d4-a716-446655440004', 15, 18000.00, 0.45),

-- Baterías
('660e8400-e29b-41d4-a716-446655440014', 'Batería 60Ah', 'Batería', 'Willard', 'Vehículos livianos', '550e8400-e29b-41d4-a716-446655440005', 12, 45000.00, 0.30),
('660e8400-e29b-41d4-a716-446655440015', 'Batería 70Ah', 'Batería', 'Moura', 'Vehículos medianos', '550e8400-e29b-41d4-a716-446655440005', 10, 52000.00, 0.30),
('660e8400-e29b-41d4-a716-446655440016', 'Batería 90Ah', 'Batería', 'Willard', 'Camionetas y SUVs', '550e8400-e29b-41d4-a716-446655440005', 8, 65000.00, 0.35);

-- =====================================================
-- 3. CLIENTES
-- =====================================================

INSERT INTO public.clientes (id, nombre, telefono, email, direccion) VALUES
('770e8400-e29b-41d4-a716-446655440001', 'Juan Carlos Pérez', '011-1234-5678', 'juan.perez@email.com', 'Av. Corrientes 1234, CABA'),
('770e8400-e29b-41d4-a716-446655440002', 'María González', '011-2345-6789', 'maria.gonzalez@email.com', 'Belgrano 567, CABA'),
('770e8400-e29b-41d4-a716-446655440003', 'Carlos Rodríguez', '011-3456-7890', 'carlos.rodriguez@email.com', 'San Martín 890, CABA'),
('770e8400-e29b-41d4-a716-446655440004', 'Ana Martínez', '011-4567-8901', 'ana.martinez@email.com', 'Rivadavia 2345, CABA'),
('770e8400-e29b-41d4-a716-446655440005', 'Roberto López', '011-5678-9012', 'roberto.lopez@email.com', 'Cabildo 123, CABA'),
('770e8400-e29b-41d4-a716-446655440006', 'Laura Fernández', '011-6789-0123', 'laura.fernandez@email.com', 'Scalabrini Ortiz 456, CABA'),
('770e8400-e29b-41d4-a716-446655440007', 'Diego Silva', '011-7890-1234', 'diego.silva@email.com', 'Córdoba 789, CABA'),
('770e8400-e29b-41d4-a716-446655440008', 'Patricia Morales', '011-8901-2345', 'patricia.morales@email.com', 'Santa Fe 321, CABA'),
('770e8400-e29b-41d4-a716-446655440009', 'Fernando Torres', '011-9012-3456', 'fernando.torres@email.com', 'Palermo 654, CABA'),
('770e8400-e29b-41d4-a716-446655440010', 'Sofía Ruiz', '011-0123-4567', 'sofia.ruiz@email.com', 'Recoleta 987, CABA');

-- =====================================================
-- 4. VEHÍCULOS
-- =====================================================

INSERT INTO public.vehiculos (id, cliente_id, marca, modelo, patente, año) VALUES
-- Vehículos de Juan Carlos Pérez
('880e8400-e29b-41d4-a716-446655440001', '770e8400-e29b-41d4-a716-446655440001', 'Toyota', 'Corolla', 'ABC123', 2020),
('880e8400-e29b-41d4-a716-446655440002', '770e8400-e29b-41d4-a716-446655440001', 'Ford', 'Ranger', 'DEF456', 2019),

-- Vehículos de María González
('880e8400-e29b-41d4-a716-446655440003', '770e8400-e29b-41d4-a716-446655440002', 'Honda', 'Civic', 'GHI789', 2021),
('880e8400-e29b-41d4-a716-446655440004', '770e8400-e29b-41d4-a716-446655440002', 'Volkswagen', 'Golf', 'JKL012', 2018),

-- Vehículos de Carlos Rodríguez
('880e8400-e29b-41d4-a716-446655440005', '770e8400-e29b-41d4-a716-446655440003', 'Chevrolet', 'Cruze', 'MNO345', 2022),
('880e8400-e29b-41d4-a716-446655440006', '770e8400-e29b-41d4-a716-446655440003', 'Renault', 'Duster', 'PQR678', 2020),

-- Vehículos de Ana Martínez
('880e8400-e29b-41d4-a716-446655440007', '770e8400-e29b-41d4-a716-446655440004', 'Peugeot', '208', 'STU901', 2021),
('880e8400-e29b-41d4-a716-446655440008', '770e8400-e29b-41d4-a716-446655440004', 'Fiat', 'Cronos', 'VWX234', 2019),

-- Vehículos de Roberto López
('880e8400-e29b-41d4-a716-446655440009', '770e8400-e29b-41d4-a716-446655440005', 'Hyundai', 'Accent', 'YZA567', 2020),
('880e8400-e29b-41d4-a716-446655440010', '770e8400-e29b-41d4-a716-446655440005', 'Nissan', 'Versa', 'BCD890', 2021),

-- Vehículos de Laura Fernández
('880e8400-e29b-41d4-a716-446655440011', '770e8400-e29b-41d4-a716-446655440006', 'Kia', 'Rio', 'EFG123', 2019),
('880e8400-e29b-41d4-a716-446655440012', '770e8400-e29b-41d4-a716-446655440006', 'Suzuki', 'Swift', 'HIJ456', 2022),

-- Vehículos de Diego Silva
('880e8400-e29b-41d4-a716-446655440013', '770e8400-e29b-41d4-a716-446655440007', 'Mazda', '3', 'KLM789', 2021),
('880e8400-e29b-41d4-a716-446655440014', '770e8400-e29b-41d4-a716-446655440007', 'Subaru', 'Impreza', 'NOP012', 2020),

-- Vehículos de Patricia Morales
('880e8400-e29b-41d4-a716-446655440015', '770e8400-e29b-41d4-a716-446655440008', 'Audi', 'A3', 'QRS345', 2022),
('880e8400-e29b-41d4-a716-446655440016', '770e8400-e29b-41d4-a716-446655440008', 'BMW', 'Serie 1', 'TUV678', 2021),

-- Vehículos de Fernando Torres
('880e8400-e29b-41d4-a716-446655440017', '770e8400-e29b-41d4-a716-446655440009', 'Mercedes-Benz', 'Clase A', 'WXY901', 2020),
('880e8400-e29b-41d4-a716-446655440018', '770e8400-e29b-41d4-a716-446655440009', 'Volvo', 'S60', 'ZAB234', 2021),

-- Vehículos de Sofía Ruiz
('880e8400-e29b-41d4-a716-446655440019', '770e8400-e29b-41d4-a716-446655440010', 'Lexus', 'CT', 'CDE567', 2022),
('880e8400-e29b-41d4-a716-446655440020', '770e8400-e29b-41d4-a716-446655440010', 'Infiniti', 'Q50', 'FGH890', 2021);

-- =====================================================
-- 5. PROFILES (Usuarios del sistema)
-- =====================================================

INSERT INTO public.profiles (id, nombre, apellido, rol) VALUES
('990e8400-e29b-41d4-a716-446655440001', 'Admin', 'Sistema', 'admin'),
('990e8400-e29b-41d4-a716-446655440002', 'Juan', 'Mecánico', 'empleado'),
('990e8400-e29b-41d4-a716-446655440003', 'María', 'Vendedora', 'empleado'),
('990e8400-e29b-41d4-a716-446655440004', 'Carlos', 'Contador', 'contador'),
('990e8400-e29b-41d4-a716-446655440005', 'Ana', 'Recepcionista', 'empleado');

-- =====================================================
-- 6. TURNOS
-- =====================================================

INSERT INTO public.turnos (id, cliente_id, vehiculo_id, fecha, motivo, estado) VALUES
-- Turnos confirmados
('aa0e8400-e29b-41d4-a716-446655440001', '770e8400-e29b-41d4-a716-446655440001', '880e8400-e29b-41d4-a716-446655440001', '2024-01-15 09:00:00', 'Cambio de aceite y filtros', 'confirmado'),
('aa0e8400-e29b-41d4-a716-446655440002', '770e8400-e29b-41d4-a716-446655440002', '880e8400-e29b-41d4-a716-446655440003', '2024-01-15 10:30:00', 'Cambio de neumáticos', 'confirmado'),
('aa0e8400-e29b-41d4-a716-446655440003', '770e8400-e29b-41d4-a716-446655440003', '880e8400-e29b-41d4-a716-446655440005', '2024-01-15 14:00:00', 'Revisión de frenos', 'confirmado'),
('aa0e8400-e29b-41d4-a716-446655440004', '770e8400-e29b-41d4-a716-446655440004', '880e8400-e29b-41d4-a716-446655440007', '2024-01-16 08:00:00', 'Cambio de batería', 'confirmado'),
('aa0e8400-e29b-41d4-a716-446655440005', '770e8400-e29b-41d4-a716-446655440005', '880e8400-e29b-41d4-a716-446655440009', '2024-01-16 11:00:00', 'Alineación y balanceo', 'confirmado'),

-- Turnos pendientes
('aa0e8400-e29b-41d4-a716-446655440006', '770e8400-e29b-41d4-a716-446655440006', '880e8400-e29b-41d4-a716-446655440011', '2024-01-17 09:00:00', 'Cambio de aceite', 'pendiente'),
('aa0e8400-e29b-41d4-a716-446655440007', '770e8400-e29b-41d4-a716-446655440007', '880e8400-e29b-41d4-a716-446655440013', '2024-01-17 15:00:00', 'Revisión general', 'pendiente'),
('aa0e8400-e29b-41d4-a716-446655440008', '770e8400-e29b-41d4-a716-446655440008', '880e8400-e29b-41d4-a716-446655440015', '2024-01-18 10:00:00', 'Cambio de pastillas de freno', 'pendiente'),
('aa0e8400-e29b-41d4-a716-446655440009', '770e8400-e29b-41d4-a716-446655440009', '880e8400-e29b-41d4-a716-446655440017', '2024-01-18 16:00:00', 'Cambio de neumáticos', 'pendiente'),
('aa0e8400-e29b-41d4-a716-446655440010', '770e8400-e29b-41d4-a716-446655440010', '880e8400-e29b-41d4-a716-446655440019', '2024-01-19 09:00:00', 'Revisión de suspensión', 'pendiente'),

-- Turnos realizados
('aa0e8400-e29b-41d4-a716-446655440011', '770e8400-e29b-41d4-a716-446655440001', '880e8400-e29b-41d4-a716-446655440002', '2024-01-10 08:00:00', 'Cambio de aceite', 'realizado'),
('aa0e8400-e29b-41d4-a716-446655440012', '770e8400-e29b-41d4-a716-446655440002', '880e8400-e29b-41d4-a716-446655440004', '2024-01-11 14:00:00', 'Cambio de filtros', 'realizado'),
('aa0e8400-e29b-41d4-a716-446655440013', '770e8400-e29b-41d4-a716-446655440003', '880e8400-e29b-41d4-a716-446655440006', '2024-01-12 10:00:00', 'Alineación', 'realizado'),

-- Turnos cancelados
('aa0e8400-e29b-41d4-a716-446655440014', '770e8400-e29b-41d4-a716-446655440004', '880e8400-e29b-41d4-a716-446655440008', '2024-01-13 11:00:00', 'Cambio de batería', 'cancelado'),
('aa0e8400-e29b-41d4-a716-446655440015', '770e8400-e29b-41d4-a716-446655440005', '880e8400-e29b-41d4-a716-446655440010', '2024-01-14 15:00:00', 'Revisión de frenos', 'cancelado');

-- =====================================================
-- 7. COMPRAS
-- =====================================================

INSERT INTO public.compras (id, proveedor_id, usuario_id, total) VALUES
('bb0e8400-e29b-41d4-a716-446655440001', '550e8400-e29b-41d4-a716-446655440001', '990e8400-e29b-41d4-a716-446655440001', 1250000.00),
('bb0e8400-e29b-41d4-a716-446655440002', '550e8400-e29b-41d4-a716-446655440002', '990e8400-e29b-41d4-a716-446655440001', 450000.00),
('bb0e8400-e29b-41d4-a716-446655440003', '550e8400-e29b-41d4-a716-446655440003', '990e8400-e29b-41d4-a716-446655440001', 320000.00),
('bb0e8400-e29b-41d4-a716-446655440004', '550e8400-e29b-41d4-a716-446655440004', '990e8400-e29b-41d4-a716-446655440001', 680000.00),
('bb0e8400-e29b-41d4-a716-446655440005', '550e8400-e29b-41d4-a716-446655440005', '990e8400-e29b-41d4-a716-446655440001', 850000.00);

-- =====================================================
-- 8. DETALLE DE COMPRAS
-- =====================================================

INSERT INTO public.compra_detalle (id, compra_id, producto_id, cantidad, precio_unitario, subtotal) VALUES
-- Detalle de compra 1 (Neumáticos)
('cc0e8400-e29b-41d4-a716-446655440001', 'bb0e8400-e29b-41d4-a716-446655440001', '660e8400-e29b-41d4-a716-446655440001', 20, 45000.00, 900000.00),
('cc0e8400-e29b-41d4-a716-446655440002', 'bb0e8400-e29b-41d4-a716-446655440001', '660e8400-e29b-41d4-a716-446655440002', 15, 52000.00, 780000.00),
('cc0e8400-e29b-41d4-a716-446655440003', 'bb0e8400-e29b-41d4-a716-446655440001', '660e8400-e29b-41d4-a716-446655440003', 10, 68000.00, 680000.00),

-- Detalle de compra 2 (Aceites)
('cc0e8400-e29b-41d4-a716-446655440004', 'bb0e8400-e29b-41d4-a716-446655440002', '660e8400-e29b-41d4-a716-446655440005', 50, 3500.00, 175000.00),
('cc0e8400-e29b-41d4-a716-446655440005', 'bb0e8400-e29b-41d4-a716-446655440002', '660e8400-e29b-41d4-a716-446655440006', 60, 2800.00, 168000.00),
('cc0e8400-e29b-41d4-a716-446655440006', 'bb0e8400-e29b-41d4-a716-446655440002', '660e8400-e29b-41d4-a716-446655440007', 25, 4200.00, 105000.00),

-- Detalle de compra 3 (Filtros)
('cc0e8400-e29b-41d4-a716-446655440007', 'bb0e8400-e29b-41d4-a716-446655440003', '660e8400-e29b-41d4-a716-446655440008', 100, 1200.00, 120000.00),
('cc0e8400-e29b-41d4-a716-446655440008', 'bb0e8400-e29b-41d4-a716-446655440003', '660e8400-e29b-41d4-a716-446655440009', 120, 800.00, 96000.00),
('cc0e8400-e29b-41d4-a716-446655440009', 'bb0e8400-e29b-41d4-a716-446655440003', '660e8400-e29b-41d4-a716-446655440010', 70, 1500.00, 105000.00),

-- Detalle de compra 4 (Frenos)
('cc0e8400-e29b-41d4-a716-446655440010', 'bb0e8400-e29b-41d4-a716-446655440004', '660e8400-e29b-41d4-a716-446655440011', 40, 8500.00, 340000.00),
('cc0e8400-e29b-41d4-a716-446655440011', 'bb0e8400-e29b-41d4-a716-446655440004', '660e8400-e29b-41d4-a716-446655440012', 35, 7200.00, 252000.00),
('cc0e8400-e29b-41d4-a716-446655440012', 'bb0e8400-e29b-41d4-a716-446655440004', '660e8400-e29b-41d4-a716-446655440013', 15, 18000.00, 270000.00),

-- Detalle de compra 5 (Baterías)
('cc0e8400-e29b-41d4-a716-446655440013', 'bb0e8400-e29b-41d4-a716-446655440005', '660e8400-e29b-41d4-a716-446655440014', 20, 45000.00, 900000.00),
('cc0e8400-e29b-41d4-a716-446655440014', 'bb0e8400-e29b-41d4-a716-446655440005', '660e8400-e29b-41d4-a716-446655440015', 15, 52000.00, 780000.00),
('cc0e8400-e29b-41d4-a716-446655440015', 'bb0e8400-e29b-41d4-a716-446655440005', '660e8400-e29b-41d4-a716-446655440016', 10, 65000.00, 650000.00);

-- =====================================================
-- 9. VENTAS
-- =====================================================

INSERT INTO public.ventas (id, cliente_id, usuario_id, metodo_pago, descuento, total) VALUES
('dd0e8400-e29b-41d4-a716-446655440001', '770e8400-e29b-41d4-a716-446655440001', '990e8400-e29b-41d4-a716-446655440002', 'efectivo', 0.00, 58500.00),
('dd0e8400-e29b-41d4-a716-446655440002', '770e8400-e29b-41d4-a716-446655440002', '990e8400-e29b-41d4-a716-446655440003', 'débito', 0.05, 98800.00),
('dd0e8400-e29b-41d4-a716-446655440003', '770e8400-e29b-41d4-a716-446655440003', '990e8400-e29b-41d4-a716-446655440002', 'crédito', 0.00, 95200.00),
('dd0e8400-e29b-41d4-a716-446655440004', '770e8400-e29b-41d4-a716-446655440004', '990e8400-e29b-41d4-a716-446655440003', 'efectivo', 0.10, 58500.00),
('dd0e8400-e29b-41d4-a716-446655440005', '770e8400-e29b-41d4-a716-446655440005', '990e8400-e29b-41d4-a716-446655440002', 'débito', 0.00, 67600.00),
('dd0e8400-e29b-41d4-a716-446655440006', '770e8400-e29b-41d4-a716-446655440006', '990e8400-e29b-41d4-a716-446655440003', 'efectivo', 0.00, 4375.00),
('dd0e8400-e29b-41d4-a716-446655440007', '770e8400-e29b-41d4-a716-446655440007', '990e8400-e29b-41d4-a716-446655440002', 'crédito', 0.00, 12750.00),
('dd0e8400-e29b-41d4-a716-446655440008', '770e8400-e29b-41d4-a716-446655440008', '990e8400-e29b-41d4-a716-446655440003', 'efectivo', 0.05, 27000.00),
('dd0e8400-e29b-41d4-a716-446655440009', '770e8400-e29b-41d4-a716-446655440009', '990e8400-e29b-41d4-a716-446655440002', 'débito', 0.00, 87750.00),
('dd0e8400-e29b-41d4-a716-446655440010', '770e8400-e29b-41d4-a716-446655440010', '990e8400-e29b-41d4-a716-446655440003', 'efectivo', 0.00, 84500.00);

-- =====================================================
-- 10. DETALLE DE VENTAS
-- =====================================================

INSERT INTO public.venta_detalle (id, venta_id, producto_id, cantidad, precio_unitario, subtotal) VALUES
-- Venta 1: Neumáticos para Juan Carlos Pérez
('ee0e8400-e29b-41d4-a716-446655440001', 'dd0e8400-e29b-41d4-a716-446655440001', '660e8400-e29b-41d4-a716-446655440001', 1, 58500.00, 58500.00),

-- Venta 2: Neumáticos para María González
('ee0e8400-e29b-41d4-a716-446655440002', 'dd0e8400-e29b-41d4-a716-446655440002', '660e8400-e29b-41d4-a716-446655440002', 2, 52000.00, 104000.00),

-- Venta 3: Neumáticos para Carlos Rodríguez
('ee0e8400-e29b-41d4-a716-446655440003', 'dd0e8400-e29b-41d4-a716-446655440003', '660e8400-e29b-41d4-a716-446655440003', 1, 95200.00, 95200.00),

-- Venta 4: Batería para Ana Martínez
('ee0e8400-e29b-41d4-a716-446655440004', 'dd0e8400-e29b-41d4-a716-446655440004', '660e8400-e29b-41d4-a716-446655440014', 1, 58500.00, 58500.00),

-- Venta 5: Pastillas de freno para Roberto López
('ee0e8400-e29b-41d4-a716-446655440005', 'dd0e8400-e29b-41d4-a716-446655440005', '660e8400-e29b-41d4-a716-446655440011', 1, 12750.00, 12750.00),
('ee0e8400-e29b-41d4-a716-446655440006', 'dd0e8400-e29b-41d4-a716-446655440005', '660e8400-e29b-41d4-a716-446655440012', 1, 10800.00, 10800.00),
('ee0e8400-e29b-41d4-a716-446655440007', 'dd0e8400-e29b-41d4-a716-446655440005', '660e8400-e29b-41d4-a716-446655440013', 2, 26100.00, 52200.00),

-- Venta 6: Aceite para Laura Fernández
('ee0e8400-e29b-41d4-a716-446655440008', 'dd0e8400-e29b-41d4-a716-446655440006', '660e8400-e29b-41d4-a716-446655440005', 1, 4375.00, 4375.00),

-- Venta 7: Filtros para Diego Silva
('ee0e8400-e29b-41d4-a716-446655440009', 'dd0e8400-e29b-41d4-a716-446655440007', '660e8400-e29b-41d4-a716-446655440008', 1, 1680.00, 1680.00),
('ee0e8400-e29b-41d4-a716-446655440010', 'dd0e8400-e29b-41d4-a716-446655440007', '660e8400-e29b-41d4-a716-446655440009', 1, 1080.00, 1080.00),
('ee0e8400-e29b-41d4-a716-446655440011', 'dd0e8400-e29b-41d4-a716-446655440007', '660e8400-e29b-41d4-a716-446655440010', 1, 2175.00, 2175.00),
('ee0e8400-e29b-41d4-a716-446655440012', 'dd0e8400-e29b-41d4-a716-446655440007', '660e8400-e29b-41d4-a716-446655440005', 1, 4375.00, 4375.00),
('ee0e8400-e29b-41d4-a716-446655440013', 'dd0e8400-e29b-41d4-a716-446655440007', '660e8400-e29b-41d4-a716-446655440006', 1, 3360.00, 3360.00),

-- Venta 8: Pastillas de freno para Patricia Morales
('ee0e8400-e29b-41d4-a716-446655440014', 'dd0e8400-e29b-41d4-a716-446655440008', '660e8400-e29b-41d4-a716-446655440011', 2, 12750.00, 25500.00),

-- Venta 9: Batería para Fernando Torres
('ee0e8400-e29b-41d4-a716-446655440015', 'dd0e8400-e29b-41d4-a716-446655440009', '660e8400-e29b-41d4-a716-446655440015', 1, 67600.00, 67600.00),
('ee0e8400-e29b-41d4-a716-446655440016', 'dd0e8400-e29b-41d4-a716-446655440009', '660e8400-e29b-41d4-a716-446655440005', 1, 4375.00, 4375.00),
('ee0e8400-e29b-41d4-a716-446655440017', 'dd0e8400-e29b-41d4-a716-446655440009', '660e8400-e29b-41d4-a716-446655440008', 1, 1680.00, 1680.00),
('ee0e8400-e29b-41d4-a716-446655440018', 'dd0e8400-e29b-41d4-a716-446655440009', '660e8400-e29b-41d4-a716-446655440009', 1, 1080.00, 1080.00),
('ee0e8400-e29b-41d4-a716-446655440019', 'dd0e8400-e29b-41d4-a716-446655440009', '660e8400-e29b-41d4-a716-446655440010', 1, 2175.00, 2175.00),

-- Venta 10: Neumáticos para Sofía Ruiz
('ee0e8400-e29b-41d4-a716-446655440020', 'dd0e8400-e29b-41d4-a716-446655440010', '660e8400-e29b-41d4-a716-446655440003', 1, 95200.00, 95200.00);

-- =====================================================
-- RESUMEN DE DATOS INSERTADOS
-- =====================================================
/*
PROVEEDORES: 5 registros
PRODUCTOS: 16 registros (neumáticos, aceites, filtros, frenos, baterías)
CLIENTES: 10 registros
VEHÍCULOS: 20 registros (2 por cliente)
PROFILES: 5 registros (usuarios del sistema)
TURNOS: 15 registros (confirmados, pendientes, realizados, cancelados)
COMPRAS: 5 registros
DETALLE_COMPRAS: 15 registros
VENTAS: 10 registros
DETALLE_VENTAS: 20 registros

TOTAL: 121 registros de datos de ejemplo
*/ 